Hash Function,Variant,o_file_list,.data size,.bss size,Total Variable Size ,Static Stack Size,Dynamic Stack Size,Total Stack Size,Overall RAM
PHOTON,80,photon.o,"16, 16, 16, 16, 16, 16, 16, 16, 16, 16","10, 10, 10, 10, 10, 10, 10, 10, 10, 10","26, 26, 26, 26, 26, 26, 26, 26, 26, 26","227, 227, 227, 227, 227, 227, 227, 227, 227, 227","63, 63, 63, 63, 63, 63, 63, 63, 63, 63","290, 290, 290, 290, 290, 290, 290, 290, 290, 290","316, 316, 316, 316, 316, 316, 316, 316, 316, 316"
PHOTON,128,photon.o,"16, 16, 16, 16, 16, 16, 16, 16, 16, 16","10, 10, 10, 10, 10, 10, 10, 10, 10, 10","26, 26, 26, 26, 26, 26, 26, 26, 26, 26","252, 252, 252, 252, 252, 252, 252, 252, 252, 252","63, 63, 63, 63, 63, 63, 63, 63, 63, 63","315, 315, 315, 315, 315, 315, 315, 315, 315, 315","341, 341, 341, 341, 341, 341, 341, 341, 341, 341"
PHOTON,256,photon.o,"256, 256, 256, 256, 256, 256, 256, 256, 256, 256","10, 10, 10, 10, 10, 10, 10, 10, 10, 10","266, 266, 266, 266, 266, 266, 266, 266, 266, 266","254, 254, 254, 254, 254, 254, 254, 254, 254, 254","68, 68, 68, 68, 68, 68, 68, 68, 68, 68","322, 322, 322, 322, 322, 322, 322, 322, 322, 322","588, 588, 588, 588, 588, 588, 588, 588, 588, 588"
SPONGENT,088080008,spongent.o,"0, 0, 0, 0, 0, 0, 0, 0, 0, 0","0, 0, 0, 0, 0, 0, 0, 0, 0, 0","0, 0, 0, 0, 0, 0, 0, 0, 0, 0","109, 109, 109, 109, 109, 109, 109, 109, 109, 109","13, 13, 13, 13, 13, 13, 13, 13, 13, 13","122, 122, 122, 122, 122, 122, 122, 122, 122, 122","122, 122, 122, 122, 122, 122, 122, 122, 122, 122"
SPONGENT,088176088,spongent.o,"0, 0, 0, 0, 0, 0, 0, 0, 0, 0","0, 0, 0, 0, 0, 0, 0, 0, 0, 0","0, 0, 0, 0, 0, 0, 0, 0, 0, 0","149, 149, 149, 149, 149, 149, 149, 149, 149, 149","13, 13, 13, 13, 13, 13, 13, 13, 13, 13","162, 162, 162, 162, 162, 162, 162, 162, 162, 162","162, 162, 162, 162, 162, 162, 162, 162, 162, 162"
LESAMNTA,256,lesamnta-LW.o,"0, 0, 0, 0, 0, 0, 0, 0, 0, 0","0, 0, 0, 0, 0, 0, 0, 0, 0, 0","0, 0, 0, 0, 0, 0, 0, 0, 0, 0","472, 472, 472, 472, 472, 472, 472, 472, 472, 472","0, 0, 0, 0, 0, 0, 0, 0, 0, 0","472, 472, 472, 472, 472, 472, 472, 472, 472, 472","472, 472, 472, 472, 472, 472, 472, 472, 472, 472"
ASCON,256,"hash.o, printstate.o","0, 0, 0, 0, 0, 0, 0, 0, 0, 0","0, 0, 0, 0, 0, 0, 0, 0, 0, 0","0, 0, 0, 0, 0, 0, 0, 0, 0, 0","153, 153, 153, 153, 153, 153, 153, 153, 153, 153","0, 0, 0, 0, 0, 0, 0, 0, 0, 0","153, 153, 153, 153, 153, 153, 153, 153, 153, 153","153, 153, 153, 153, 153, 153, 153, 153, 153, 153"
PHOTON_BEETLE,256,"photon.o, hash.o","16, 16, 16, 16, 16, 16, 16, 16, 16, 16","10, 10, 10, 10, 10, 10, 10, 10, 10, 10","26, 26, 26, 26, 26, 26, 26, 26, 26, 26","187, 187, 187, 187, 187, 187, 187, 187, 187, 187","50, 50, 50, 50, 50, 50, 50, 50, 50, 50","237, 237, 237, 237, 237, 237, 237, 237, 237, 237","263, 263, 263, 263, 263, 263, 263, 263, 263, 263"
XOODYAK,256,"Xoodoo-reference.o, Xoodyak.o","0, 0, 0, 0, 0, 0, 0, 0, 0, 0","0, 0, 0, 0, 0, 0, 0, 0, 0, 0","0, 0, 0, 0, 0, 0, 0, 0, 0, 0","390, 390, 390, 390, 390, 390, 390, 390, 390, 390","0, 0, 0, 0, 0, 0, 0, 0, 0, 0","390, 390, 390, 390, 390, 390, 390, 390, 390, 390","390, 390, 390, 390, 390, 390, 390, 390, 390, 390"
KNOT,256,hash.o,"127, 127, 127, 127, 127, 127, 127, 127, 127, 127","0, 0, 0, 0, 0, 0, 0, 0, 0, 0","127, 127, 127, 127, 127, 127, 127, 127, 127, 127","166, 166, 166, 166, 166, 166, 166, 166, 166, 166","97, 97, 97, 97, 97, 97, 97, 97, 97, 97","263, 263, 263, 263, 263, 263, 263, 263, 263, 263","390, 390, 390, 390, 390, 390, 390, 390, 390, 390"
ORANGE,256,hash.o,"16, 16, 16, 16, 16, 16, 16, 16, 16, 16","0, 0, 0, 0, 0, 0, 0, 0, 0, 0","16, 16, 16, 16, 16, 16, 16, 16, 16, 16","205, 205, 205, 205, 205, 205, 205, 205, 205, 205","0, 0, 0, 0, 0, 0, 0, 0, 0, 0","205, 205, 205, 205, 205, 205, 205, 205, 205, 205","221, 221, 221, 221, 221, 221, 221, 221, 221, 221"
SHAMAS,256,hash.o,"0, 0, 0, 0, 0, 0, 0, 0, 0, 0","0, 0, 0, 0, 0, 0, 0, 0, 0, 0","0, 0, 0, 0, 0, 0, 0, 0, 0, 0","400, 400, 400, 400, 400, 400, 400, 400, 400, 400","202, 202, 202, 202, 202, 202, 202, 202, 202, 202","602, 602, 602, 602, 602, 602, 602, 602, 602, 602","602, 602, 602, 602, 602, 602, 602, 602, 602, 602"
SIVRIJNDAEL,256,"rijndael-alg-ref.o, hash.o, rijndael256.o","1160, 1160, 1160, 1160, 1160, 1160, 1160, 1160, 1160, 1160","0, 0, 0, 0, 0, 0, 0, 0, 0, 0","1160, 1160, 1160, 1160, 1160, 1160, 1160, 1160, 1160, 1160","257, 257, 257, 257, 257, 257, 257, 257, 257, 257","0, 0, 0, 0, 0, 0, 0, 0, 0, 0","257, 257, 257, 257, 257, 257, 257, 257, 257, 257","1417, 1417, 1417, 1417, 1417, 1417, 1417, 1417, 1417, 1417"
SIVTEMPHOTON,256,"photon.o, hash.o","16, 16, 16, 16, 16, 16, 16, 16, 16, 16","26, 26, 26, 26, 26, 26, 26, 26, 26, 26","42, 42, 42, 42, 42, 42, 42, 42, 42, 42","249, 249, 249, 249, 249, 249, 249, 249, 249, 249","52, 52, 52, 52, 52, 52, 52, 52, 52, 52","301, 301, 301, 301, 301, 301, 301, 301, 301, 301","343, 343, 343, 343, 343, 343, 343, 343, 343, 343"
SKINNY,256,"hash.o, skinny_hash.o, skinny_reference.o","0, 0, 0, 0, 0, 0, 0, 0, 0, 0","0, 0, 0, 0, 0, 0, 0, 0, 0, 0","0, 0, 0, 0, 0, 0, 0, 0, 0, 0","559, 559, 559, 559, 559, 559, 559, 559, 559, 559","0, 0, 0, 0, 0, 0, 0, 0, 0, 0","559, 559, 559, 559, 559, 559, 559, 559, 559, 559","559, 559, 559, 559, 559, 559, 559, 559, 559, 559"
SNEIK,256,"blnk.o, sneik_f512_c99.o, hash.o","0, 0, 0, 0, 0, 0, 0, 0, 0, 0","0, 0, 0, 0, 0, 0, 0, 0, 0, 0","0, 0, 0, 0, 0, 0, 0, 0, 0, 0","345, 345, 345, 345, 345, 345, 345, 345, 345, 345","0, 0, 0, 0, 0, 0, 0, 0, 0, 0","345, 345, 345, 345, 345, 345, 345, 345, 345, 345","345, 345, 345, 345, 345, 345, 345, 345, 345, 345"
TRIAD,256,hash.o,"0, 0, 0, 0, 0, 0, 0, 0, 0, 0","0, 0, 0, 0, 0, 0, 0, 0, 0, 0","0, 0, 0, 0, 0, 0, 0, 0, 0, 0","423, 423, 423, 423, 423, 423, 423, 423, 423, 423","0, 0, 0, 0, 0, 0, 0, 0, 0, 0","423, 423, 423, 423, 423, 423, 423, 423, 423, 423","423, 423, 423, 423, 423, 423, 423, 423, 423, 423"
CORAL,256,hash.o,"0, 0, 0, 0, 0, 0, 0, 0, 0, 0","0, 0, 0, 0, 0, 0, 0, 0, 0, 0","0, 0, 0, 0, 0, 0, 0, 0, 0, 0","268, 268, 268, 268, 268, 268, 268, 268, 268, 268","0, 0, 0, 0, 0, 0, 0, 0, 0, 0","268, 268, 268, 268, 268, 268, 268, 268, 268, 268","268, 268, 268, 268, 268, 268, 268, 268, 268, 268"
GIMLI,256,gimli_hash.o,"0, 0, 0, 0, 0, 0, 0, 0, 0, 0","0, 0, 0, 0, 0, 0, 0, 0, 0, 0","0, 0, 0, 0, 0, 0, 0, 0, 0, 0","128, 128, 128, 128, 128, 128, 128, 128, 128, 128","0, 0, 0, 0, 0, 0, 0, 0, 0, 0","128, 128, 128, 128, 128, 128, 128, 128, 128, 128","128, 128, 128, 128, 128, 128, 128, 128, 128, 128"
DRYGASCON,128,,"0, 0, 0, 0, 0, 0, 0, 0, 0, 0","0, 0, 0, 0, 0, 0, 0, 0, 0, 0","0, 0, 0, 0, 0, 0, 0, 0, 0, 0","0, 0, 0, 0, 0, 0, 0, 0, 0, 0","0, 0, 0, 0, 0, 0, 0, 0, 0, 0","0, 0, 0, 0, 0, 0, 0, 0, 0, 0","0, 0, 0, 0, 0, 0, 0, 0, 0, 0"
DRYGASCON,256,,"0, 0, 0, 0, 0, 0, 0, 0, 0, 0","0, 0, 0, 0, 0, 0, 0, 0, 0, 0","0, 0, 0, 0, 0, 0, 0, 0, 0, 0","0, 0, 0, 0, 0, 0, 0, 0, 0, 0","0, 0, 0, 0, 0, 0, 0, 0, 0, 0","0, 0, 0, 0, 0, 0, 0, 0, 0, 0","0, 0, 0, 0, 0, 0, 0, 0, 0, 0"
CLX,256,hash.o,"0, 0, 0, 0, 0, 0, 0, 0, 0, 0","0, 0, 0, 0, 0, 0, 0, 0, 0, 0","0, 0, 0, 0, 0, 0, 0, 0, 0, 0","57, 57, 57, 57, 57, 57, 57, 57, 57, 57","0, 0, 0, 0, 0, 0, 0, 0, 0, 0","57, 57, 57, 57, 57, 57, 57, 57, 57, 57","57, 57, 57, 57, 57, 57, 57, 57, 57, 57"
ACE,256,"ace.o, hash.o","0, 0, 0, 0, 0, 0, 0, 0, 0, 0","0, 0, 0, 0, 0, 0, 0, 0, 0, 0","0, 0, 0, 0, 0, 0, 0, 0, 0, 0","112, 112, 112, 112, 112, 112, 112, 112, 112, 112","32, 32, 32, 32, 32, 32, 32, 32, 32, 32","144, 144, 144, 144, 144, 144, 144, 144, 144, 144","144, 144, 144, 144, 144, 144, 144, 144, 144, 144"
SPARKLE,256,"hash.o, sparkle_ref.o","0, 0, 0, 0, 0, 0, 0, 0, 0, 0","0, 0, 0, 0, 0, 0, 0, 0, 0, 0","0, 0, 0, 0, 0, 0, 0, 0, 0, 0","365, 365, 365, 365, 365, 365, 365, 365, 365, 365","31, 31, 31, 31, 31, 31, 31, 31, 31, 31","396, 396, 396, 396, 396, 396, 396, 396, 396, 396","396, 396, 396, 396, 396, 396, 396, 396, 396, 396"
SUBTERRAINEAN,256,"subterranean_ref.o, crypto_hash.o","0, 0, 0, 0, 0, 0, 0, 0, 0, 0","0, 0, 0, 0, 0, 0, 0, 0, 0, 0","0, 0, 0, 0, 0, 0, 0, 0, 0, 0","2094, 2094, 2094, 2094, 2094, 2094, 2094, 2094, 2094, 2094","15, 15, 15, 15, 15, 15, 15, 15, 15, 15","2109, 2109, 2109, 2109, 2109, 2109, 2109, 2109, 2109, 2109","2109, 2109, 2109, 2109, 2109, 2109, 2109, 2109, 2109, 2109"
SATURNIN,256,"saturnin.o, hash.o","0, 0, 0, 0, 0, 0, 0, 0, 0, 0","0, 0, 0, 0, 0, 0, 0, 0, 0, 0","0, 0, 0, 0, 0, 0, 0, 0, 0, 0","634, 634, 634, 634, 634, 634, 634, 634, 634, 634","0, 0, 0, 0, 0, 0, 0, 0, 0, 0","634, 634, 634, 634, 634, 634, 634, 634, 634, 634","634, 634, 634, 634, 634, 634, 634, 634, 634, 634"
ISAP,256,"hash.o, Ascon-reference.o","0, 0, 0, 0, 0, 0, 0, 0, 0, 0","0, 0, 0, 0, 0, 0, 0, 0, 0, 0","0, 0, 0, 0, 0, 0, 0, 0, 0, 0","250, 250, 250, 250, 250, 250, 250, 250, 250, 250","0, 0, 0, 0, 0, 0, 0, 0, 0, 0","250, 250, 250, 250, 250, 250, 250, 250, 250, 250","250, 250, 250, 250, 250, 250, 250, 250, 250, 250"
GAGE,256,"hash.o, constants.o","0, 0, 0, 0, 0, 0, 0, 0, 0, 0","0, 0, 0, 0, 0, 0, 0, 0, 0, 0","0, 0, 0, 0, 0, 0, 0, 0, 0, 0","162, 162, 162, 162, 162, 162, 162, 162, 162, 162","15, 15, 15, 15, 15, 15, 15, 15, 15, 15","177, 177, 177, 177, 177, 177, 177, 177, 177, 177","177, 177, 177, 177, 177, 177, 177, 177, 177, 177"
BLAKE3,256,"blake3_portable.o, blake3.o, blake3_dispatch.o","0, 0, 0, 0, 0, 0, 0, 0, 0, 0","0, 0, 0, 0, 0, 0, 0, 0, 0, 0","0, 0, 0, 0, 0, 0, 0, 0, 0, 0","2984, 2984, 2984, 2984, 2984, 2984, 2984, 2984, 2984, 2984","843, 843, 843, 843, 843, 843, 843, 843, 843, 843","3827, 3827, 3827, 3827, 3827, 3827, 3827, 3827, 3827, 3827","3827, 3827, 3827, 3827, 3827, 3827, 3827, 3827, 3827, 3827"
BLAKE2,256,blake2s-ref.o,"2, 2, 2, 2, 2, 2, 2, 2, 2, 2","0, 0, 0, 0, 0, 0, 0, 0, 0, 0","2, 2, 2, 2, 2, 2, 2, 2, 2, 2","645, 645, 645, 645, 645, 645, 645, 645, 645, 645","0, 0, 0, 0, 0, 0, 0, 0, 0, 0","645, 645, 645, 645, 645, 645, 645, 645, 645, 645","647, 647, 647, 647, 647, 647, 647, 647, 647, 647"
